ID,Culture_code,Culture_code_Arc,Culture_name,Continent,Subsistence_type,Calendar_name,Solar_year,Solar_month,Lunar_month,Lunar_year,Lunar_week,Arbitrary_week,SY_length,LY_length,SM_length,LM_length,LW_length,AW_length,AW_extra_length,AW_supercycle_length,AW_N,Week_concept,SCCS,Sources
AA01,AA01,NA,Korea,Asia,Intensive Agriculturalists,Korean calendar,1a,1b,1a,0b,0b,0a,354,not used,15,29,not used,not used,not used,not used,0,Explicit absence,Present,"Dallet, C. (1874). A history of the church in Korea (Vol. 1; C. A. Messner, Trans.). Victor Palmé. https://ehrafworldcultures.yale.edu/document?id=aa01-049

Dershowitz, N., & Reingold, E. M. (2018). Calendrical calculations: The ultimate edition (4th ed.). Cambridge University Press.

Dix, G. (1987). The New Year's ritual and village social structure. In L. Kendall & G. Dix (Eds.), Religion and ritual in Korean society (pp. 93–117). Institute of East Asian Studies, University of California. https://ehrafworldcultures.yale.edu/document?id=aa01-076

Han, C. C. (1970). Social organization of Upper Han Hamlet in Korea [Doctoral dissertation]. University Microfilms. https://ehrafworldcultures.yale.edu/cultures/aa01/documents/056

Manthe, U. (2004). [Review of the book Antikes chinesisches Kalenderwesen, by R. H. Gassmann]. Early China, 29, 303–321. https://doi.org/10.1017/S0362502800007148

Moose, J. R. (1911). Village life in Korea. M. E. Church. https://ehrafworldcultures.yale.edu/cultures/aa01/documents/004"
AB06,AB06,NA,Ainu,Asia,Hunter-gatherers,Ainu calendar,0b,0b,0b,0b,0b,0b,not used,not used,not used,not used,not used,not used,not used,not used,0,Absence,Present,"Nilsson, M. P. (1920). Primitive time-reckoning: A study in the origins and first development of the art of counting time among the primitive and early culture peoples. C. W. K. Gleerup.

Watanabe, H. (1964). The Ainu: A study of ecology and the system of social solidarity between man and nature in relation to group structure. Journal of the Faculty of Science, University of Tokyo, Section V (Anthropology), 2, 1–164. https://ehrafworldcultures.yale.edu/document?id=ab06-011

Ohnuki-Tierney, E. (1973). Sakhalin Ainu time reckoning. Man, 8(2), 285–299. "
AE15,AE15,NA,Chinese (Qing dynasty),Asia,Intensive Agriculturalists,Chinese (Chongzhen) calendar,1a,1a,1a,0a,1b,1b,354,not used,15,29,10,7,not used,not used,1,Judeo-Roman,Present,"Chinese calendar. (2025, December 10). In Wikipedia. https://en.wikipedia.org/wiki/Chinese_calendar

Chongzhen calendar. (2025, December 10). In Wikipedia. https://en.wikipedia.org/wiki/Chongzhen_calendar

Dershowitz, N., & Reingold, E. M. (2018). Calendrical calculations: The ultimate edition (4th ed.). Cambridge University Press.

Fei, H. (1946). Peasant life in China: A field study of country life in the Yangtze Valley. Oxford University Press. https://ehrafworldcultures.yale.edu/document?id=ae15-014"
AH01_A,AH01,NA,Mongolia,Asia,Pastoralists,Mongolian lunisolar calendar,1a,0b,1a,0a,0a,1a,354,not used,not used,29,not used,7,not used,not used,1,Judeo-Roman,Absent,"Atwood, C. P. (2002). Young Mongols and vigilantes in Inner Mongolia's interregnum decades, 1911–1931 (Vol. 2). Brill. https://doi.org/10.1163/9789004531291

Maiskii, I. M. (1921). Contemporary Mongolia (Mrs. Dayton & J. Kunitz, Trans.). Gosudarstvennoe izdatel'stvo, Irkutskoe otdelenie. https://ehrafworldcultures.yale.edu/document?id=ah01-014

Mongolian calendar. (2026, March 20). In Wikipedia. https://en.wikipedia.org/w/index.php?title=Mongolian_calendar&oldid=1360710355

Vreeland, H. H. (1973). Mongol community and kinship structure. Greenwood Press. https://ehrafworldcultures.yale.edu/document?id=ah01-016"
AJ01,AJ01,NA,Tibetans,Asia,Intensive Agriculturalists,Tibetan (Phuglugs version of Kālacakra) calendar,1a,1a,1a,0a,0b,1a,354,not used,15,29,not used,7,not used,not used,1,Judeo-Roman,Absent,"Dershowitz, N., & Reingold, E. M. (2018). Calendrical calculations: The ultimate edition (4th ed.). Cambridge University Press.

Henning, E. (2007). Kālacakra and the Tibetan calendar. American Institute of Buddhist Studies.

Rockhill, W. W. (1895). Notes on the ethnology of Tibet. In Report of the U.S. National Museum for 1893 (pp. 665–747). Smithsonian Institution. https://ehrafworldcultures.yale.edu/document?id=aj01-011

Shên, T.-L., Liu, S.-C., & Taylor, G. E. (1953). Tibet and the Tibetans. Stanford University Press. https://ehrafworldcultures.yale.edu/document?id=aj01-001"
AK05,AK05,NA,Lepcha,Asia,Intensive Agriculturalists,Lepcha calendar,1a,1a,0b,0b,0b,1a,360,not used,30,not used,not used,7,not used,not used,1,Judeo-Roman,Present,"Gorer, G., & Hutton, J. H. (1938). Himalayan village: An account of the Lepchas of Sikkim. Michael Joseph. https://ehrafworldcultures.yale.edu/document?id=ak05-001

Morris, J. (1938). Living with Lepchas: A book about the Sikkim Himalayas. William Heinemann. https://ehrafworldcultures.yale.edu/document?id=ak05-002

Siiger, H. (1967). The Lepchas: Culture and religion of a Himalayan people, part 1 (Nationalmuseets skrifter, Etnografisk række, Vol. 11). National Museum of Denmark. https://ehrafworldcultures.yale.edu/document?id=ak05-013"
AM04,AM04,NA,Cambodians,Asia,Intensive Agriculturalists,Khmer calendar,1a,0b,1a,0a,0b,1a,354,not used,not used,29,not used,7,not used,not used,1,Judeo-Roman,Absent,"Aymonier, E. (1953). Cambodia: Vol. 1. The modern kingdom (M. Thompson, Trans.). Human Relations Area Files. https://ehrafworldcultures.yale.edu/document?id=am04-147

Eade, J. C. (1995). The calendrical systems of mainland South-East Asia. Brill.

Leclère, A. (1956). The Buddhism of Cambodia (R. von Scheliha, Trans.). Human Relations Area Files. https://ehrafworldcultures.yale.edu/cultures/am04/documents/148

Martini, F. (1953). The Cambodian bonze (A. Szogyi, Trans.). France-Asie, 4, 881–888. https://ehrafworldcultures.yale.edu/document?id=am04-141

Porée, G., & Porée-Maspero, E. (1952). Traditions and customs of the Khmer (K. Botsford, Trans.; Collection de documents et de témoignages pour servir à l'histoire de notre temps). Human Relations Area Files. https://ehrafworldcultures.yale.edu/document?id=am04-083"
AO07_A,AO07,NA,Central Thai,Asia,Intensive Agriculturalists,Central Thai calendar,1a,0b,1a,0a,1a,1a,354,not used,not used,29,15,7,not used,not used,1,Judeo-Roman,Present,"Eade, J. C. (1995). The calendrical systems of mainland South-East Asia. Brill.

Sharp, L., & Hanks, L. M. (1978). Bang Chan: Social history of a rural community in Thailand (Cornell Studies in Anthropology). Cornell University Press. https://ehrafworldcultures.yale.edu/document?id=ao07-008

Terwiel, B. J. (1975). Monks and magic: An analysis of religious ceremonies in central Thailand (Scandinavian Institute of Asian Studies Monograph Series No. 24). Studentlitteratur; Curzon Press. https://ehrafworldcultures.yale.edu/document?id=ao07-019"
AO07_B,AO07,NA,Thai,Asia,Intensive Agriculturalists,Thai solar calendar,1a,1a,0a,0a,0a,1a,365,not used,28,not used,not used,7,not used,not used,1,Judeo-Roman,Absent,"List of calendars. (2025, August 21). In Wikipedia. https://en.wikipedia.org/wiki/List_of_calendars

Thai solar calendar. (2025, August 21). In Wikipedia. https://en.wikipedia.org/wiki/Thai_solar_calendar

Quaritch Wales, H. G. (1931). Siamese state ceremonies: Their history and function. Bernard Quaritch."
AP04_A,AP04,NA,Burmese,Asia,Intensive Agriculturalists,Burmese calendar,1a,0b,1a,0a,1b,1a,354,not used,not used,29,15,7,not used,not used,1,Judeo-Roman,Present,"Ferrars, M., & Ferrars, B. (1901). Burma. Sampson Low, Marston. https://ehrafworldcultures.yale.edu/document?id=ap04-025

Gislén, L., & Eade, J. C. (2019). The calendars of Southeast Asia. 2: Burma, Thailand, Laos and Cambodia. Journal of Astronomical History and Heritage, 22(3), 417–430.

Scott, J. G. (1910). The Burman: His life and notions. Macmillan. https://ehrafworldcultures.yale.edu/document?id=ap04-002"
AP06,AP06,NA,Kachin,Asia,Horticulturalists,Kachin calendar,0a,0a,0b,0b,0b,0a,not used,not used,not used,not used,not used,not used,not used,not used,0,Explicit absence,Absent,"Hanson, O. (1913). The Kachins: Their customs and traditions. American Baptist Mission Press.

Wang, Z. (1997). The Jingpo: Kachin of the Yunnan Plateau (Program for Southeast Asian Studies Monograph Series). Program for Southeast Asian Studies, Arizona State University. https://ehrafworldcultures.yale.edu/document?id=ap06-032"
AP07,AP07,NA,Karen,Asia,Other Subsistence Combinations,Karen calendar,1a,0a,1a,0b,1a,1a,354,not used,not used,29,15,7,not used,not used,1,Judeo-Roman,Absent,"Marshall, H. I. (1922). The Karen people of Burma: A study in anthropology and ethnology (Ohio State University Bulletin, Vol. 26, No. 13). Ohio State University Press. https://ehrafworldcultures.yale.edu/document?id=ap07-019

Rajah, A. (2008). Remaining Karen: A study of cultural reproduction and the maintenance of identity. ANU E Press. https://ehrafworldcultures.yale.edu/document?id=ap07-032"
AW16,AW16,NA,Tamil,Asia,Intensive Agriculturalists,Tamil calendar,1a,1a,0b,0b,0b,1a,365,not used,29,not used,not used,7,not used,not used,1,Judeo-Roman,Absent,"Beck, B. E. F. (1972). Peasant society in Konku: A study of right and left subcastes in south India. University of British Columbia Press. https://ehrafworldcultures.yale.edu/document?id=aw16-011

Chatterjee, S. K. (1998). Indian calendric system. Publications Division, Ministry of Information and Broadcasting, Government of India.

Nambiar, P. K., & Murari, P. (1964). Vilpatti (Census of India 1961, Vol. 9, Pt. 5). Manager of Publications. https://ehrafworldcultures.yale.edu/document?id=aw16-015"
AZ02,AZ02,NA,Andamans,Asia,Hunter-gatherers,Andamanese calendar,0a,0a,0a,0a,0a,0b,not used,not used,not used,not used,not used,not used,not used,not used,0,Absence,Present,"Cipriani, L. (1966). The Andaman Islanders (D. T. Cox, Ed. & Trans.). Frederick A. Praeger. https://ehrafworldcultures.yale.edu/document?id=az02-011

Man, E. H. (1932). On the aboriginal inhabitants of the Andaman Islands. Royal Anthropological Institute of Great Britain and Ireland. https://ehrafworldcultures.yale.edu/document?id=az02-002

Radcliffe-Brown, A. R. (1922). The Andaman Islanders: A study in social anthropology. Cambridge University Press. https://ehrafworldcultures.yale.edu/document?id=az02-001"
EH01_A,EH01,NA,Athenians,Europe,Intensive Agriculturalists,Attic (lunisolar festival) calendar,1a,0a,1a,0a,1a,0b,354,not used,not used,29,10,not used,not used,not used,0,Absence,Absent,"Hannah, R. (2005). Greek and Roman calendars: Constructions of time in the classical world. Duckworth.

Stern, S. (2012). Calendars in antiquity: Empires, states, and societies. Oxford University Press."
EI09_A,EI09,NA,Romans,Europe,Intensive Agriculturalists,Julian calendar,1a,1a,0a,0a,0a,1a,365,not used,28,not used,not used,8,not used,not used,1,Indigenous,Present,"Carcopino, J. (1940). Daily life in ancient Rome: The people and the city at the height of the empire (H. T. Rowell, Ed.; E. O. Lorimer, Trans.). Yale University Press. https://ehrafworldcultures.yale.edu/document?id=ei09-001

Columella, L. J. M. (1960). On agriculture: Vol. 1. Res rustica I–IV (H. B. Ash, Trans.; Loeb Classical Library). Harvard University Press; William Heinemann. https://ehrafworldcultures.yale.edu/document?id=ei09-006

Dershowitz, N., & Reingold, E. M. (2018). Calendrical calculations: The ultimate edition (4th ed.). Cambridge University Press."
EQ01,EQ01,NA,Icelanders,Europe,Commercial economy,Old Icelandic calendar,1a,1a,0b,0b,0b,1a,364,not used,30,not used,not used,7,not used,not used,1,Judeo-Roman,Absent,"Dershowitz, N., & Reingold, E. M. (2018). Calendrical calculations: The ultimate edition (4th ed.). Cambridge University Press.

Early Germanic calendars. (2026, January 8). In Wikipedia. https://en.wikipedia.org/wiki/Early_Germanic_calendars"
ER06_A,ER06,NA,Celts,Europe,Agro-Pastoralists,Celtic Coligny (later) calendar,1a,0a,1a,0a,0a,1a,354,not used,not used,29,not used,9,7,not used,2,Indigenous,Absent,"Aldhouse-Green, M. (2010). Caesar's Druids: Story of an ancient priesthood. Yale University Press.

Celtic calendar. (2025, July 17). In Wikipedia. https://en.wikipedia.org/wiki/Celtic_calendar

Coligny calendar. (2025, July 17). In Wikipedia. https://en.wikipedia.org/wiki/Coligny_calendar

Loth, J. (1904). L'année celtique: D'après les textes irlandais, gallois, brétons et le calendrier de Coligny. Revue Celtique, 25, 113–162."
FA16_A,FA16,NA,Dogon,Africa,Intensive Agriculturalists,Dogon solar calendar,1a,1a,0a,0a,0a,1a,360,not used,30,not used,not used,5,not used,not used,1,Indigenous,Absent,"Griaule, M., & Dieterlen, G. (1986). The pale fox (S. C. Infantino, Trans.). Continuum Foundation. https://ehrafworldcultures.yale.edu/document?id=fa16-025

Paulme, D. (1940). Social organization of the Dogon (French Sudan) (F. Schütze, Trans.). Éditions Domat-Montchrestien, F. Loviton. https://ehrafworldcultures.yale.edu/document?id=fa16-002

Theodosiou, E. (2005, June 19). The calendars of the Dogons [Conference presentation]. 1st International Symposium ""Science and Art,"" Athens, Greece."
FD06,FD06,NA,Kpelle,Africa,Horticulturalists,Kpelle calendar,0b,0a,0a,0b,0a,1a,not used,not used,not used,not used,not used,4,7,not used,2,Indigenous,Absent,"Gay, J., & Cole, M. (1967). The new mathematics and an old culture: A study of learning among the Kpelle of Liberia. Holt, Rinehart and Winston. https://ehrafworldcultures.yale.edu/document?id=fd06-002

Germain, J. (1955). Extract from a monograph on the inhabitants of the Circle of N'Zérékoré (Guerzé, Kono, Manon): The artisans — the techniques and the arts (S. L. Granka, Trans.). Études Guinéennes, 13, 3–54. https://ehrafworldcultures.yale.edu/document?id=fd06-023

Westermann, D. H. (1921). The Kpelle: A Negro tribe in Liberia (F. Schütze, Trans.). Vandenhoeck & Ruprecht; J. C. Hinrichs'sche Buchhandlung. https://ehrafworldcultures.yale.edu/document?id=fd06-007"
FE12_A,FE12,NA,Akan (Ashanti),Africa,Horticulturalists,Akan Adaduanan calendar,1a,1a,0a,0a,0a,1a,336,not used,42,not used,not used,6,7,not used,2,Indigenous,Present,"Bartle, P. F. W. (1978). Forty days: The Akan calendar. Africa: Journal of the International African Institute, 48(1), 80–84.

Danquah, J. B. (1928). Gold Coast: Akan laws and customs and the Akim Abuakwa constitution. George Routledge & Sons. https://ehrafworldcultures.yale.edu/document?id=fe12-019

Meyerowitz, E. L. R. (1974). The early history of the Akan states of Ghana. Red Candle Press. https://ehrafworldcultures.yale.edu/document?id=fe12-052

Rattray, R. S. (1923). Ashanti. Clarendon Press. https://ehrafworldcultures.yale.edu/document?id=fe12-001

Wilks, I. (1992). On mentally mapping Greater Asante: A study of time and motion. Journal of African History, 33(2), 175–190. https://ehrafworldcultures.yale.edu/cultures/fe12/documents/040

Wilks, I. (1993). Forests of gold: Essays on the Akan and the Kingdom of Asante. Ohio University Press. https://ehrafworldcultures.yale.edu/document?id=fe12-028"
FF57,FF57,NA,Tiv,Africa,Horticulturalists,Tiv calendar,0b,0b,0b,0b,0b,1a,not used,not used,not used,not used,not used,5,not used,not used,1,Indigenous,Present,"Bohannan, L., & Bohannan, P. (1953). The Tiv of central Nigeria (Ethnographic Survey of Africa: Western Africa, Pt. 8). International African Institute. https://ehrafworldcultures.yale.edu/cultures/ff57/documents/019

Bohannan, P. (1953). Concepts of time among the Tiv of Nigeria. Southwestern Journal of Anthropology, 9(3), 251–262. https://ehrafworldcultures.yale.edu/cultures/ff57/documents/027

Bohannan, P. (1998). Culture summary: Tiv. Human Relations Area Files. https://ehrafworldcultures.yale.edu/cultures/ff57/documents/000"
FF62,FF62,NA,Yoruba,Africa,Horticulturalists,Yoruba calendar,1a,0b,1b,0b,0b,1a,364,not used,not used,28,not used,4,not used,not used,1,Indigenous,Absent,"Ajisafe, A. K. (1924). The laws and customs of the Yoruba people. George Routledge & Sons. https://ehrafworldcultures.yale.edu/cultures/ff62/documents/003

Bascom, W. R. (1952). The Esusu: A credit institution of the Yoruba. Journal of the Royal Anthropological Institute of Great Britain and Ireland, 82(1), 63–69. https://ehrafworldcultures.yale.edu/document?id=ff62-017

Bascom, W. R. (1969). The Yoruba of southwestern Nigeria (Case Studies in Cultural Anthropology). Holt, Rinehart and Winston. https://ehrafworldcultures.yale.edu/cultures/ff62/documents/047

Nilsson, M. P. (1920). Primitive time-reckoning: A study in the origins and first development of the art of counting time among the primitive and early culture peoples. C. W. K. Gleerup.

Ségla, D. A. (2014). Yoruba ethnoastronomy: ""Orisha/Vodun,"" or how people's conceptions of the sky constructed science. In C. L. N. Ruggles (Ed.), Handbook of archaeoastronomy and ethnoastronomy (pp. 1046–1058). Springer. https://doi.org/10.1007/978-1-4614-6141-8_100

Sogbesan, O. (2022). Primordial Yoruba concept of time and calendar: The case of the Aboòrìsàs of Oyo Town. Journal of Culture, Society and Development, 67, 68–75."
FN04,FN04,NA,Chagga,Africa,Intensive Agriculturalists,Chagga calendar,1a,1a,0a,0a,0a,1a,360,not used,30,not used,not used,3,not used,not used,1,Indigenous,Absent,"Dundas, C. (1924). Kilimanjaro and its people: A history of the Wachagga, their laws, customs and legends, together with some account of the highest mountain in Africa. H. F. & G. Witherby. https://ehrafworldcultures.yale.edu/document?id=fn04-004

Dundas, C. (1926). Chagga time-reckoning. Man, 26, 140–143. https://doi.org/10.2307/2788287

Marealle, P. I., & Swai, R. D. (1963). Notes on Chagga customs. Tanganyika Notes and Records, 60, 67–90. https://ehrafworldcultures.yale.edu/document?id=fn04-006

Webster, H. (1916). Rest days: A study in early law and morality. Macmillan."
FX10_A,FX10,NA,!Kung (San),Africa,Hunter-gatherers,!Kung calendar,0a,0a,0a,0a,0a,0a,not used,not used,not used,not used,not used,not used,not used,not used,0,Absence,Present,"Lebzelter, V. (1934). Native cultures in southwest and south Africa: Vol. 2 (R. Neuse, Trans.). Karl W. Hiersemann. https://ehrafworldcultures.yale.edu/document?id=fx10-003

Marshall, L. (1976). The !Kung of Nyae Nyae. Harvard University Press. https://ehrafworldcultures.yale.edu/document?id=fx10-017

Tanaka, J. (1980). The San hunter-gatherers of the Kalahari: A study in ecological anthropology (D. W. Hughes, Trans.). University of Tokyo Press. https://ehrafworldcultures.yale.edu/document?id=fx10-027"
FX13,FX13,NA,Khoi,Africa,Other Subsistence Combinations,Khoi calendar,0a,0a,0b,0b,0b,1a,not used,not used,not used,not used,not used,7,not used,not used,1,Judeo-Roman,Absent,"Schapera, I. (1930). Culture of the Hottentots. In The Khoisan peoples of South Africa: Bushmen and Hottentots (pp. 221–418). Routledge. https://ehrafworldcultures.yale.edu/document?id=fx13-015

Schultze, L. S. (1907). In Namaland and the Kalahari (E. C. Knight & T. Ziolkowski, Trans.). Gustav Fischer. https://ehrafworldcultures.yale.edu/document?id=fx13-001"
FY08,FY08,NA,Tanala,Africa,Intensive Agriculturalists,Tanala calendar,1b,0b,1a,0a,1a,1a,354,not used,not used,28,2,7,not used,not used,1,Judeo-Roman,Present,"Linton, R. (1933). The Tanala, a hill tribe of Madagascar (Field Museum of Natural History, Anthropological Series Publication No. 317, Vol. 22). Field Museum of Natural History. https://ehrafworldcultures.yale.edu/document?id=fy08-001

Webster, H. (1916). Rest days: A study in early law and morality. Macmillan."
MA01_A,MA01,NA,Persians,Asia,Intensive Agriculturalists,Persian (Solar Hijri) calendar,1a,1a,0b,0b,0b,1a,365,not used,29,not used,not used,7,not used,not used,1,Judeo-Roman,Absent,"Dershowitz, N., & Reingold, E. M. (2018). Calendrical calculations: The ultimate edition (4th ed.). Cambridge University Press.

Solar Hijri calendar. (2026, January 23). In Wikipedia. https://en.wikipedia.org/wiki/Solar_Hijri_calendar"
MA01_B,MA01,NA,Persians,Middle East,Intensive Agriculturalists,Persian-Zoroastrian calendar,1a,1a,0a,0a,0a,0b,365,not used,30,not used,not used,not used,not used,not used,0,Absence,Absent,"Boyce, M. (2005). Further on the calendar of Zoroastrian feasts. Iran, 43(1), 1–38. https://doi.org/10.1080/05786967.2005.11834662

Gharib, B. (2002). Hafta. In Encyclopædia Iranica (Vol. 11, Fasc. 5, p. 530). https://iranicaonline.org/articles/hafta-week-history-of-the-weeky-calendar-in-iran-1

Zoroastrian calendar. (2025, December 1). In Wikipedia. https://en.wikipedia.org/wiki/Zoroastrian_calendar"
MA01_E,MA01,NA,Persians,Middle East,Intensive Agriculturalists,Persian Jalali calendar,1a,1a,0a,0a,0a,1b,365,not used,30,not used,not used,7,not used,not used,1,Judeo-Roman,Absent,"Heydari-Malayeri, M. (2004). A concise review of the Iranian calendar. arXiv. https://arxiv.org/abs/astro-ph/0409620

Stern, S. (Ed.). (2021). Calendars in the making: The origins of calendars from the Roman Empire to the later Middle Ages. Brill.

Thomann, J. (2021). The institution of the Jalālī calendar in 1079 CE and its cohabitation with the older Persian calendar. In S. Stern (Ed.), Calendars in the making: The origins of calendars from the Roman Empire to the later Middle Ages (pp. 210–244). Brill."
MF07,MF07,NA,Ancient Israelites,Middle East,Intensive Agriculturalists,Hebrew calendar,1a,0b,1a,0a,0b,1a,354,not used,not used,29,not used,7,not used,not used,1,Indigenous,Present,"Dershowitz, N., & Reingold, E. M. (2018). Calendrical calculations: The ultimate edition (4th ed.). Cambridge University Press.

Heaton, E. W. (1956). Everyday life in Old Testament times. Scribner. https://ehrafworldcultures.yale.edu/document?id=mf07-004

Hebrew calendar. (2026, January 29). In Wikipedia. https://en.wikipedia.org/wiki/Hebrew_calendar"
MH07,MH07,MH64,Sumerians / Babylonians,Middle East,Intensive Agriculturalists,Sumerian-Babylonian calendar,1a,0a,1a,0a,1b,0a,354,not used,not used,29,7,not used,not used,not used,0,Explicit absence,Present,"Cohen, S. (1943). Week. In I. Landman (Ed.), The Universal Jewish Encyclopedia: An authoritative and popular presentation of Jews and Judaism since the earliest times (Vol. 10, p. 482). Universal Jewish Encyclopedia.

Dershowitz, N., & Reingold, E. M. (2018). Calendrical calculations: The ultimate edition (4th ed.). Cambridge University Press.

Kramer, S. N. (1963). The Sumerians: Their history, culture, and character. University of Chicago Press. https://ehrafarchaeology.yale.edu/document?id=mh64-004

Richards, E. G. (1999). Mapping time: The calendar and its history. Oxford University Press.

Saggs, H. W. F. (1988). The greatness that was Babylon: A survey of the ancient civilization of the Tigris-Euphrates Valley (Great Civilization Series). Sidgwick and Jackson. https://ehrafworldcultures.yale.edu/document?id=mh07-001

Sharlach, T. (2013). Calendars and counting. In H. Crawford (Ed.), The Sumerian world (pp. 305–318). Routledge. https://doi.org/10.4324/9780203096604-19

Steele, J. M. (2011). Astronomy and culture in Late Babylonian Uruk. Proceedings of the International Astronomical Union, 7(S278), 331–341."
MP14,MP14,NA,Kaffa,Africa,Intensive Agriculturalists,Kaffa calendar,1a,1a,0b,0b,0b,1a,360,not used,30,not used,not used,7,not used,not used,1,Judeo-Roman,Present,"Grühl, M. (1977). In the dominions of the Divine Emperor. In The citadel of Ethiopia: The empire of the divine emperor (pp. 167–316). AMS Press. https://ehrafworldcultures.yale.edu/document?id=mp14-001"
MR13,MR13,NA,Copts (e.g. Fellahin),Africa,Intensive Agriculturalists,Coptic calendar,1a,1a,0b,0b,0b,1b,365,not used,30,not used,not used,7,not used,not used,1,Judeo-Roman,Present,"Coptic calendar. (2026, January 30). In Wikipedia. https://en.wikipedia.org/wiki/Coptic_calendar

Dershowitz, N., & Reingold, E. M. (2018). Calendrical calculations: The ultimate edition (4th ed.). Cambridge University Press. "
MS25,MS25,NA,Tuareg,Africa,Agro-Pastoralists,Tuareg calendar,0a,0a,1a,1a,0b,1a,not used,354,not used,29,not used,7,not used,not used,1,Judeo-Roman,Present,"Benhazera, M. (1908). Six months among the Ahaggar Tuareg (A. R. Coleman, Trans.). Typographie Adolphe Jourdan. https://ehrafworldcultures.yale.edu/document?id=ms25-004

Nicolaisen, J. (1963). Ecology and culture of the pastoral Tuareg: With particular reference to the Tuareg of Ahaggar and Ayr (Nationalmuseets Skrifter, Etnografisk Række, Vol. 9). National Museum of Copenhagen. https://ehrafworldcultures.yale.edu/document?id=ms25-007"
MX03,MX03,NA,Berber,Africa,Agro-Pastoralists,"Berber (""Julian"") calendar",1a,1a,0b,0b,0b,1a,365,not used,28,not used,not used,7,not used,not used,1,Judeo-Roman,Absent,"Blanco Izaga, E. (1975). Emilio Blanco Izaga: Colonel in the Rif (D. M. Hart, Ed. & Trans.; HRAFlex Books Ethnology Series). Human Relations Area Files. https://ehrafworldcultures.yale.edu/cultures/mx03/documents/005

Coon, C. S. (1931). Tribes of the Rif (Harvard African Studies, Vol. 9). Peabody Museum of Harvard University. https://ehrafworldcultures.yale.edu/document?id=mx03-001

Lunar station. (2026, January 30). In Wikipedia. https://en.wikipedia.org/wiki/Lunar_station

Varisco, D. M. (2017). Illuminating the lunar mansions (manāzil al-qamar) in Šams al-maʿārif. Arabica, 64(3–4), 487–530. https://doi.org/10.1163/15700585-12341462

Westermarck, E. (1926). Ritual and belief in Morocco. Macmillan. https://ehrafworldcultures.yale.edu/document?id=mx03-002"
ND08,ND08,NA,Copper Inuit,North America,Hunter-gatherers,Copper inuit calendar,0a,0a,0a,0a,0a,0a,not used,not used,not used,not used,not used,not used,not used,not used,0,Explicit absence,Present,"De Coccola, R., & King, P. (1986). The incredible Eskimo: Life among the barren land Eskimo (J. Houston, Illus.). Hancock House. https://ehrafworldcultures.yale.edu/document?id=nd08-035

Jenness, D. (1959). The people of the twilight. University of Chicago Press. https://ehrafworldcultures.yale.edu/document?id=nd08-029"
NF04,NF04,NA,Assiniboine,North America,Hunter-gatherers,Assiniboine calendar,1a,0a,1a,0a,0a,0a,354,not used,not used,29,not used,not used,not used,not used,0,Explicit absence,Absent,"Denig, E. T. (1930). Indian tribes of the upper Missouri (J. N. B. Hewitt, Ed.). Government Printing Office. https://ehrafworldcultures.yale.edu/document?id=nf04-005

Kennedy, D. (1972). Recollections of an Assiniboine chief (J. R. Stevens, Ed.). McClelland and Stewart. https://ehrafworldcultures.yale.edu/document?id=nf04-014

Long, J. L. (1942). Land of Nakoda: The story of the Assiniboine Indians (M. S. Kennedy, Ed.; W. Standing, Illus.). State Publishing Company.

Long, J. L. (1961). The Assiniboines: From the accounts of the Old Ones told to First Boy (James Larpenteur Long) (M. S. Kennedy, Ed.; W. Standing, Illus.; Civilization of the American Indian Series). University of Oklahoma Press. https://ehrafworldcultures.yale.edu/document?id=nf04-016"
NG05,NG05,NA,Huron/Wendat,North America,Other Subsistence Combinations,Huron/Wendat calendar,1a,0b,1a,0a,0b,0a,354,not used,not used,29,not used,not used,not used,not used,0,Explicit absence,Present,"Kinietz, W. V. (1940). Huron. In The Indians of the western Great Lakes, 1615–1760 (pp. 1–160). University of Michigan Press. https://ehrafworldcultures.yale.edu/document?id=ng05-005"
NG06,NG06,NA,Ojibwa (Northern Salteaux),North America,Hunter-gatherers,Ojibwa calendar,0b,0b,0b,0b,0b,0b,not used,not used,not used,not used,not used,not used,not used,not used,0,Absence,Present,"Densmore, F. (1929). Chippewa customs (Bureau of American Ethnology Bulletin No. 86). U.S. Government Printing Office. https://ehrafworldcultures.yale.edu/document?id=ng06-005

Hallowell, A. I. (1937). Temporal orientation in western civilization and in a pre-literate society. American Anthropologist, 39(4), 647–670.

Hallowell, A. I. (2004). The Ojibwa of Berens River, Manitoba: Ethnography into history (Case Studies in Cultural Anthropology). Wadsworth. https://ehrafworldcultures.yale.edu/document?id=ng06-058

Hilger, M. I. (1951). Chippewa child life and its cultural background (Bureau of American Ethnology Bulletin No. 146). U.S. Government Printing Office. https://ehrafworldcultures.yale.edu/document?id=ng06-015"
NS29,NS29,NA,Yokuts,North America,Hunter-gatherers,Yokut calendar,1b,0b,1a,0a,1a,1a,354,not used,not used,29,6,7,not used,not used,1,Judeo-Roman,Present,"Gayton, A. H. (1948). Yokuts and western Mono ethnography: Vol. 1. Tulare Lake, Southern Valley, and Central Foothill Yokuts (Anthropological Records, Vol. 10, No. 1). University of California Press. https://ehrafworldcultures.yale.edu/document?id=ns29-001"
NT13,NT13,NA,Navajo,North America,Agro-Pastoralists,Navajo calendar,0a,0a,0a,0a,0a,0b,not used,not used,not used,not used,not used,not used,not used,not used,0,Absence,Absent,"Chamberlain, V. D. (2014). Diné (Navajo) ethno- and archaeoastronomy. In C. L. N. Ruggles (Ed.), Handbook of archaeoastronomy and ethnoastronomy (pp. 1051–1058). Springer. https://doi.org/10.1007/978-1-4614-6141-8_44

Hill, W. W. (1938). The agricultural and hunting methods of the Navaho Indians (Yale University Publications in Anthropology, No. 18). Yale University Press; H. Milford, Oxford University Press. https://ehrafworldcultures.yale.edu/document?id=nt13-008

Mitchell, F. (1978). Navajo Blessingway singer: The autobiography of Frank Mitchell, 1881–1967 (C. J. Frisbie & D. P. McAllester, Eds.). University of Arizona Press. https://ehrafworldcultures.yale.edu/document?id=nt13-298

Newcomb, F. J., Fishler, S. A., & Wheelwright, M. C. (1956). A study of Navajo symbolism (Papers of the Peabody Museum of American Archaeology and Ethnology, Vol. 32, No. 3). Peabody Museum. https://ehrafworldcultures.yale.edu/document?id=nt13-219"
NT14,NT14,NA,Havasupai,North America,Other Subsistence Combinations,Havasupai calendar,0a,0a,0a,0a,0a,0b,not used,not used,not used,not used,not used,not used,not used,not used,0,Absence,Present,"Spier, L. (1928). Havasupai ethnography. Anthropological Papers of the American Museum of Natural History, 29(3), 81–392. https://ehrafworldcultures.yale.edu/document?id=nt14-001"
NT23,NT23,NA,Zuni,North America,Intensive Agriculturalists,Zuni calendar,1a,0b,1a,0a,1a,0b,354,not used,not used,29,10,not used,not used,not used,0,Absence,Present,"Cushing, F. H. (1920). Zuñi breadstuff (Indian Notes and Monographs, Vol. 8). Museum of the American Indian, Heye Foundation. https://ehrafworldcultures.yale.edu/document?id=nt23-007

Stevenson, M. C. (1904). The Zuni Indians: Their mythology, esoteric fraternities, and ceremonies (Bureau of American Ethnology, 23rd Annual Report, 1901–1902, pp. 1–634). Government Printing Office. https://ehrafworldcultures.yale.edu/document?id=nt23-004

Tedlock, B. (1983). Zuni sacred theater. American Indian Quarterly, 7(3), 93–110. https://ehrafworldcultures.yale.edu/document?id=nt23-028"
NT43,NT43,NA,Maricopa,North America,Primarily Hunter-gatherers,Maricopa calendar,0b,0b,0b,0a,0b,0b,not used,not used,not used,not used,not used,not used,not used,not used,0,Absence,Absent,"Harwell, H. O., & Kelly, M. C. S. (1983). Maricopa. In A. Ortiz (Ed.), Handbook of North American Indians: Vol. 10. Southwest (pp. 71–85). Smithsonian Institution. https://ehrafworldcultures.yale.edu/document?id=nt43-007

Nilsson, M. P. (1920). Primitive time-reckoning: A study in the origins and first development of the art of counting time among the primitive and early culture peoples. C. W. K. Gleerup.

Spier, L. (1933). Yuman tribes of the Gila River (University of Chicago Publications in Anthropology, Ethnological Series). University of Chicago Press. https://ehrafworldcultures.yale.edu/document?id=nt43-001"
NU07_A,NU07,NA,Aztecs (Mexica-Tenochca),South America,Intensive Agriculturalists,Xihuitl (Xiuhpōhualli) calendar,1a,1a,0b,0b,0b,1a,365,not used,20,not used,not used,5,not used,not used,1,Indigenous,Present,"Dershowitz, N., & Reingold, E. M. (2018). Calendrical calculations: The ultimate edition (4th ed.). Cambridge University Press.

Hassig, R. (1982). Periodic markets in Precolumbian Mexico. American Antiquity, 47(2), 346–355. https://doi.org/10.2307/279906

Xiuhpōhualli. (2026, February 18). In Wikipedia. https://en.wikipedia.org/wiki/Xiuhp%C5%8Dhualli"
NU07_B,NU07,NA,Aztecs (Mexica-Tenochca),South America,Intensive Agriculturalists,Tonalpohualli calendar,0a,0a,0b,0b,0b,1a,not used,not used,not used,not used,not used,13,20,260,2,Indigenous,Present,"Dershowitz, N., & Reingold, E. M. (2018). Calendrical calculations: The ultimate edition (4th ed.). Cambridge University Press.

Edmonson, M. S. (1988). The book of the year: Middle American calendrical systems. University of Utah Press.

Tōnalpōhualli. (2026, February 18). In Wikipedia. https://en.wikipedia.org/wiki/T%C5%8Dnalp%C5%8Dhualli"
NU33,NU33,NA,Tarahumara,Middle America and the Caribbean,Agro-Pastoralists,Tarahumara calendar,0a,0a,0a,0a,0a,1a,not used,not used,not used,not used,not used,7,not used,not used,1,Judeo-Roman,Absent,"Bennett, W. C., & Zingg, R. M. (1935). The Tarahumara: An Indian tribe of northern Mexico (University of Chicago Publications in Anthropology, Ethnological Series). University of Chicago Press. https://ehrafworldcultures.yale.edu/document?id=nu33-001"
NU34,NU34,NU76,Tarascans,Middle America and the Caribbean,Intensive Agriculturalists,Tarascan calendar,1a,1a,0b,0b,0b,0b,365,not used,20,not used,not used,not used,not used,not used,0,Absence,Absent,"Boyd, M. (1958). Eight Tarascan legends (Contributions of the Florida State Museum, Social Sciences, No. 3). Florida State Museum. https://ehrafworldcultures.yale.edu/cultures/nu34/documents/011

Foster, G. M. (1948). Empire's children: The people of Tzintzuntzan (G. Ospina, Collab.; Smithsonian Institution Institute of Social Anthropology Publication No. 6). Impresora Nuevo Mundo. https://ehrafworldcultures.yale.edu/cultures/nu34/documents/019

Pollard, H. P. (1993). Tariacuri's legacy: The prehispanic Tarascan state (Civilization of the American Indian Series, Vol. 209). University of Oklahoma Press. https://ehrafarchaeology.yale.edu/document?id=nu76-004"
NU44,NU44,NY42,Zapotec,Middle America and the Caribbean,Horticulturalists,Zapotec ritual calendar,0a,0a,0a,0a,0a,1a,not used,not used,not used,not used,not used,13,not used,260,2,Indigenous,Absent,"Marcus, J., & Flannery, K. V. (1996). The unification of the Valley of Oaxaca. In Zapotec civilization: How urban society evolved in Mexico's Oaxaca Valley (pp. 155–171). Thames and Hudson. https://ehrafarchaeology.yale.edu/document?id=ny42-026

Nader, L. (1969). The Zapotec of Oaxaca. In E. Z. Vogt (Ed.), Handbook of Middle American Indians: Vol. 7. Ethnology, part one (pp. 329–359). University of Texas Press. https://ehrafworldcultures.yale.edu/document?id=nu44-001

Whitecotton, J. W. (1977). The Zapotecs: Princes, priests, and peasants (Civilization of the American Indian Series). University of Oklahoma Press. https://ehrafworldcultures.yale.edu/document?id=nu44-002"
NU46,NU46,NA,Nahua,Middle America and the Caribbean,Other Subsistence Combinations,Nahua calendar,1a,1a,0b,0b,0b,1a,365,not used,20,not used,not used,7,not used,not used,1,Judeo-Roman,Absent,"Redfield, R. (1930). Tepoztlan: A Mexican village. A study of folk life. University of Chicago Press. https://ehrafworldcultures.yale.edu/document?id=nu46-001"
NU79,NU79,NA,O'odham,North America,Other Subsistence Combinations,O'odham calendar,0b,0b,0b,0a,0b,1a,not used,not used,not used,not used,not used,7,not used,not used,1,Judeo-Roman,Present,"Bahr, D. M. (1988). Pima-Papago Christianity. Journal of the Southwest, 30(2), 132–167. https://ehrafworldcultures.yale.edu/document?id=nu79-025

Castetter, E. F., & Bell, W. H. (1942). Pima and Papago Indian agriculture (Inter-Americana Studies, Vol. 1). University of New Mexico Press. https://ehrafworldcultures.yale.edu/document?id=nu79-005

Underhill, R. M. (1939). Social organization of the Papago Indians (Columbia University Contributions to Anthropology, No. 30). Columbia University Press. https://ehrafworldcultures.yale.edu/document?id=nu79-002"
NV10_A,NV10,NY53,Mayans,South America,Intensive Agriculturalists,Maya Long Count calendar,0a,0a,0b,0b,0b,1a,not used,not used,not used,not used,not used,20,not used,360,1,Indigenous,Absent,"Dershowitz, N., & Reingold, E. M. (2018). Calendrical calculations: The ultimate edition (4th ed.). Cambridge University Press. p.333"
NV10_B,NV10,NY53,Mayans,South America,Intensive Agriculturalists,Maya Haab' calendar,1a,1a,0a,0a,0a,0b,365,not used,20,not used,not used,not used,not used,not used,0,Absence,Absent,"Dershowitz, N., & Reingold, E. M. (2018). Calendrical calculations: The ultimate edition (4th ed.). Cambridge University Press. p.333

Haabʼ. (2026, February 24). In Wikipedia. https://en.wikipedia.org/wiki/Haab%CA%BC"
NV10_C,NV10,NY53,Mayans,South America,Intensive Agriculturalists,Maya Tzolk'in calendar,0a,0a,0b,0b,0b,1a,not used,not used,not used,not used,not used,13,20,260,2,Indigenous,Absent,"Burns, A. F. (1983). An epoch of miracles: Oral literature of the Yucatec Maya (Texas Pan American Series). University of Texas Press. https://ehrafworldcultures.yale.edu/document?id=nv10-018

Dershowitz, N., & Reingold, E. M. (2018). Calendrical calculations: The ultimate edition (4th ed.). Cambridge University Press."
NW08_A,NW08,NA,Mam Maya,Middle America and the Caribbean,Horticulturalists,Mam Maya Haab' calendar,1a,1a,0b,0b,0b,0b,365,not used,20,not used,not used,not used,not used,not used,0,Absence,Absent,"Oakes, M. (1969). The two crosses of Todos Santos: Survivals of Mayan religious ritual (Bollingen Series No. 27). Princeton University Press. https://ehrafworldcultures.yale.edu/cultures/nw08/documents/005

Stadelman, R. (1940). Maize cultivation in northwestern Guatemala (Contributions to American Anthropology and History, Vol. 6, No. 33; Carnegie Institution of Washington Publication No. 523, pp. 83–263). Carnegie Institution of Washington. https://ehrafworldcultures.yale.edu/document?id=nw08-004

Wagley, C. (1949). The social and religious life of a Guatemalan village (Memoirs of the American Anthropological Association No. 71). American Anthropological Association. https://ehrafworldcultures.yale.edu/document?id=nw08-002"
NW08_B,NW08,NA,Mam Maya,Middle America and the Caribbean,Horticulturalists,Mam Maya Tzolk'in calendar,0a,0a,0b,0b,0b,1a,not used,not used,not used,not used,not used,13,20,260,2,Indigenous,Absent,"Oakes, M. (1969). The two crosses of Todos Santos: Survivals of Mayan religious ritual (Bollingen Series No. 27). Princeton University Press. https://ehrafworldcultures.yale.edu/cultures/nw08/documents/005

Stadelman, R. (1940). Maize cultivation in northwestern Guatemala (Contributions to American Anthropology and History, Vol. 6, No. 33; Carnegie Institution of Washington Publication No. 523, pp. 83–263). Carnegie Institution of Washington. https://ehrafworldcultures.yale.edu/document?id=nw08-004

Wagley, C. (1949). The social and religious life of a Guatemalan village (Memoirs of the American Anthropological Association No. 71). American Anthropological Association. https://ehrafworldcultures.yale.edu/document?id=nw08-002"
OE05_A,OE05,NA,Javanese,Asia,Intensive Agriculturalists,Javanese Mangsa calendar,1a,1a,0a,0a,0a,1a,365,not used,23,not used,not used,5,6,not used,3,Indigenous,Present,"Dewey, A. G. (1962). Peasant marketing in Java (Series on Contemporary Javanese Life). Free Press of Glencoe. https://ehrafworldcultures.yale.edu/document?id=oe05-004

Geertz, C. (1960). The religion of Java. Free Press. https://ehrafworldcultures.yale.edu/document?id=oe05-018

Gislén, L., & Eade, J. C. (2019). The calendars of Southeast Asia. 4: Malaysia and Indonesia. Journal of Astronomical History and Heritage, 22(3), 447–457. https://doi.org/10.3724/SP.J.1440-2807.2019.03.06

Javanese calendar. (2026, March 4). In Wikipedia. https://en.wikipedia.org/wiki/Javanese_calendar

Koentjaraningrat. (1985). Javanese culture. Oxford University Press. https://ehrafworldcultures.yale.edu/document?id=oe05-037

Proudfoot, I. (2006). Old Muslim calendars of Southeast Asia. Brill."
OE05_B,OE05,NA,Javanese,Asia,Intensive Agriculturalists,Muslim-Javanese Wulan calendar,0a,0a,1a,1a,0a,1a,not used,354,not used,29,not used,5,6| 7,not used,3,Indigenous,Present,"Dewey, A. G. (1962). Peasant marketing in Java (Series on Contemporary Javanese Life). Free Press of Glencoe. https://ehrafworldcultures.yale.edu/document?id=oe05-004

Geertz, C. (1960). The religion of Java. Free Press. https://ehrafworldcultures.yale.edu/document?id=oe05-018

Gislén, L., & Eade, J. C. (2019). The calendars of Southeast Asia. 4: Malaysia and Indonesia. Journal of Astronomical History and Heritage, 22(3), 447–457. https://doi.org/10.3724/SP.J.1440-2807.2019.03.06

Karjanto, N., & Beauducel, F. (2020). An ethnoarithmetic excursion into the Javanese calendar. arXiv. https://doi.org/10.48550/arXiv.2012.10064

Koentjaraningrat. (1985). Javanese culture. Oxford University Press. https://ehrafworldcultures.yale.edu/document?id=oe05-037

Proudfoot, I. (2006). Old Muslim calendars of Southeast Asia. Brill."
OF07_A,OF07,NA,Balinese,Asia,Intensive Agriculturalists,Balinese Pawukon calendar,0a,0a,0a,0a,0a,1a,not used,not used,not used,not used,not used,1,2| 3| 4| 5| 6| 7| 8| 9| 10,210,10,Indigenous,Present,"Belo, J. (1953). Bali: Temple festival (Monographs of the American Ethnological Society No. 22). J. J. Augustin. https://ehrafworldcultures.yale.edu/document?id=of07-003

Dershowitz, N., & Reingold, E. M. (2018). Calendrical calculations: The ultimate edition (4th ed.). Cambridge University Press.

Geertz, C. (1993). The interpretation of cultures: Selected essays. Fontana Press. (Original work published 1973)

Lansing, J. S. (2007). Priests and programmers: Technologies of power in the engineered landscape of Bali. Princeton University Press. (Original work published 1991)"
OF07_B,OF07,NA,Balinese,Asia,Intensive Agriculturalists,Balinese Śaka calendar,1a,0b,1a,0a,0b,1a,360,not used,not used,29,not used,7,not used,not used,1,Judeo-Roman,Present,"Chatterjee, S. K. (1997). Balinese traditional calendar. Indian Journal of History of Science, 32(4), 315–329.

Dershowitz, N., & Reingold, E. M. (2018). Calendrical calculations: The ultimate edition (4th ed.). Cambridge University Press.

Gislén, L., & Eade, J. C. (2019). The calendars of Southeast Asia. 4: Malaysia and Indonesia. Journal of Astronomical History and Heritage, 22(3), 447–457. https://doi.org/10.3724/SP.J.1440-2807.2019.03.06"
OL06,OL06,NA,Trobriands,Oceania,Other Subsistence Combinations,Trobriand calendar,1a,0a,1a,0a,1a,0b,354,not used,not used,29,7,not used,not used,not used,0,Absence,Present,"Austen, L. (1939). The seasonal gardening calendar of Kiriwina, Trobriand Islands. Oceania, 9(3), 237–253. https://doi.org/10.1002/j.1834-4461.1939.tb00231.x

Brindley, M. (1984). The symbolic role of women in Trobriand gardening (Miscellanea Anthropologica). University of South Africa. https://ehrafworldcultures.yale.edu/document?id=ol06-029

Damon, F. H. (1990). From Muyuw to the Trobriands: Transformations along the northern side of the Kula Ring. University of Arizona Press. https://ehrafworldcultures.yale.edu/document?id=ol07-001

Leach, E. R. (1950). Primitive calendars. Oceania, 20(4), 245–262. https://doi.org/10.1002/j.1834-4461.1950.tb00164.x

Malinowski, B. (1922). Argonauts of the western Pacific: An account of native enterprise and adventure in the archipelagoes of Melanesian New Guinea. George Routledge & Sons. https://ehrafworldcultures.yale.edu/document?id=ol06-001

Malinowski, B. (1935). Coral gardens and their magic: A study of the methods of tilling the soil and of agricultural rites in the Trobriand Islands: Vol. 1. The description of gardening. American Book Company. https://ehrafworldcultures.yale.edu/document?id=ol06-002"
OL07,OL07,NA,Northeastern Massim (Muyuw),Oceania,Other Subsistence Combinations,Muyuw calendar,0a,0a,0a,0a,0a,0b,not used,not used,not used,not used,not used,not used,not used,not used,0,Absence,Absent,"Damon, F. H. (1990). From Muyuw to the Trobriands: Transformations along the northern side of the Kula Ring. University of Arizona Press. https://ehrafworldcultures.yale.edu/document?id=ol07-001

Damon, F. H. (1996). The Woodlark Island calendar: Contexts for interpretation. Archaeoastronomy, 12, 175–190."
ON19,ON19,NA,Siwai,Oceania,Agro-Pastoralists,Siwai calendar,0a,0a,0a,0a,0a,1a,not used,not used,not used,not used,not used,7,not used,not used,1,Judeo-Roman,Present,"Oliver, D. L. (1955). A Solomon Island society: Kinship and leadership among the Siuai of Bougainville. Harvard University Press. https://ehrafworldcultures.yale.edu/document?id=on19-001"
ON26,ON26,NA,Tinputz,Oceania,Other Subsistence Combinations,Tinputz calendar,0a,0a,0a,0a,0a,1a,not used,not used,not used,not used,not used,7,not used,not used,1,Judeo-Roman,Absent,"Blackwood, B. (1935). Both sides of Buka Passage: An ethnographic study of social, sexual, and economic questions in the north-western Solomon Islands. Clarendon Press. https://ehrafworldcultures.yale.edu/document?id=on26-001"
OR15,OR15,NA,Belau (Palauans),Oceania,Other Subsistence Combinations,Palau calendar,1a,0b,1a,0a,1a,0b,354,not used,not used,29,15,not used,not used,not used,0,Absence,Present,"Aoyagi, M. (1982). The geographical recognition of Palauan people with special reference to the four directions. In M. Aoyagi (Ed.), Islanders and their outside world (pp. 3–33). St. Paul's (Rikkyo) University, Committee for Micronesian Research. https://ehrafworldcultures.yale.edu/document?id=or15-017

Johannes, R. E. (1981). Rhythms of fish and fishermen. In Words of the lagoon: Fishing and marine lore in the Palau District of Micronesia (pp. 32–58). University of California Press. https://ehrafworldcultures.yale.edu/document?id=or15-030

Klee, G. A. (1973). The cyclic realities of man and nature in a Palauan village [Doctoral dissertation, University of Oregon]. ProQuest Dissertations and Theses.

Parmentier, R. J. (1987). The sacred remains: Myth, history, and polity in Belau. University of Chicago Press. https://ehrafworldcultures.yale.edu/document?id=or15-002"
OR21,OR21,NA,Woleai Region,Oceania,Other Subsistence Combinations,Woleai calendar,0a,0a,1a,0a,0b,0a,not used,not used,not used,29,not used,not used,not used,not used,0,Explicit absence,Absent,"Alkire, W. H. (1970). Systems of measurement on Woleai Atoll, Caroline Islands. Anthropos, 65(1–2), 1–73.

Bates, M., & Abbott, D. P. (1958). Coral island: Portrait of an atoll. Scribner. https://ehrafworldcultures.yale.edu/document?id=or21-041

Burrows, E. G., & Spiro, M. E. (1953). An atoll culture: Ethnography of Ifaluk in the central Carolines (Behavior Science Monographs). Human Relations Area Files. https://ehrafworldcultures.yale.edu/document?id=or21-042

Krämer, A. (1937). The central Carolines: Part 1. The Lamotrek Group, Woleai (Ergebnisse der Südsee-Expedition 1908–1910, Vol. 10, pp. 1–291). Friederichsen, De Gruyter. https://ehrafworldcultures.yale.edu/cultures/or21/documents/004

Spiro, M. E. (1949). Ifaluk: A South Sea culture. Pacific Science Board, National Research Council. https://ehrafworldcultures.yale.edu/document?id=or21-028"
OU09,OU09,NA,Tongans,Oceania,Horticulturalists,Tongan calendar,1a,0a,1a,0a,0a,0b,354,not used,not used,29,not used,not used,not used,not used,0,Absence,Absent,"Collocott, E. E. V. (1922). Tongan astronomy and calendar (Occasional Papers of the Bernice P. Bishop Museum, Vol. 8, No. 4, pp. 155–173). Bishop Museum Press. https://ehrafworldcultures.yale.edu/document?id=ou09-009

Urbanowicz, C. F. (1978). Tongan culture: The methodology of an ethnographic reconstruction [Doctoral dissertation, University of Oregon]. University Microfilms. https://ehrafworldcultures.yale.edu/document?id=ou09-074"
OV05,OV05,NA,Hawaiians,Oceania,Other Subsistence Combinations,Hawaiian calendar,1a,0b,1a,0a,0b,0b,360,not used,not used,29,not used,not used,not used,not used,0,Absence,Absent,"Bryan, E. H. (1968). Astronomy and the calendar. In Ancient Hawaiian civilization: A series of lectures delivered at the Kamehameha Schools (pp. 51–58). Charles E. Tuttle.

Handy, E. S. C., & Pukui, M. K. (1972). The Polynesian family system in Ka-ʻU, Hawaiʻi. Charles E. Tuttle. https://ehrafworldcultures.yale.edu/cultures/ov05/documents/004

Kamakau, S. M. (1976). The works of the people of old: Na hana a ka poʻe kahiko (D. B. Barrère, Ed.; M. K. Pukui, Trans.; Bernice P. Bishop Museum Special Publication No. 61). Bishop Museum Press. https://ehrafworldcultures.yale.edu/document?id=ov05-010"
OY02,OY02,NA,Rapa Nui,Oceania,Horticulturalists,Rapa Nui calendar,1a,0b,1a,0a,0b,0b,354,not used,not used,29,not used,not used,not used,not used,0,Absence,Absent,"Horley, P. (2011). Lunar calendar in rongorongo texts and rock art of Easter Island. Journal de la Société des Océanistes, 132, 17–38. https://doi.org/10.4000/jso.6314

Métraux, A. (1940). Ethnology of Easter Island (Bernice P. Bishop Museum Bulletin No. 160, pp. 3–432). Bishop Museum Press. https://ehrafworldcultures.yale.edu/document?id=oy02-001"
OZ04,OZ04,NA,Maori,Oceania,Primarily Hunter-gatherers,Maori calendar,1a,0b,1a,0a,0a,0b,354,not used,not used,29,not used,not used,not used,not used,0,Absence,Present,"Best, E. (1922). The Maori division of time (Dominion Museum Monograph No. 4). Dominion Museum. https://archive.org/details/maoridivisionoft00bestuoft

Best, E. (1924). The Maori: Vol. 2 (Memoirs of the Polynesian Society, Vol. 5, pp. 1–638). H. H. Tombs. https://ehrafworldcultures.yale.edu/document?id=oz04-002

Firth, R. (1959). Economics of the New Zealand Maori (2nd ed.). R. E. Owen, Government Printer. https://ehrafworldcultures.yale.edu/document?id=oz04-004

Webster, H. (1916). Rest days: A study in early law and morality. Macmillan."
RF10,RF10,NA,Soviets,Europe,Intensive Agriculturalists,Soviet calendar,1a,1a,0a,0a,0a,1a,365,not used,28,not used,not used,5,6,not used,2,Indigenous,Absent,"Soviet calendar. (2026, January 15). In Wikipedia. https://en.wikipedia.org/wiki/Soviet_calendar"
RJ01,RJ01,NA,Armenians,Asia,Intensive Agriculturalists,Armenian calendar,1a,1a,0a,0a,0a,1a,365,not used,30,not used,not used,7,not used,not used,1,Judeo-Roman,Present,"Armenian calendar. (2025, July 23). In Wikipedia. https://en.wikipedia.org/wiki/Armenian_calendar"
RV03,RV03,NA,Yukaghir,Asia,Primarily Hunter-gatherers,Yukaghir calendar,0a,0a,0b,0b,0b,1a,not used,not used,not used,not used,not used,7,not used,not used,1,Judeo-Roman,Present,"Jochelson, W. (1975). The Yukaghir and the Yukaghirized Tungus (Memoirs of the American Museum of Natural History, Vol. 13). AMS Press. (Original work published 1926) https://ehrafworldcultures.yale.edu/document?id=rv03-001"
RX02,RX02,NA,Nivkh,Asia,Primarily Hunter-gatherers,Nivkh calendar,0b,0b,0a,0a,0a,0a,not used,not used,not used,not used,not used,not used,not used,not used,0,Explicit absence,Present,"Black, L. (1973). The Nivkh (Gilyak) of Sakhalin and the Lower Amur. Arctic Anthropology, 10(1), 1–110. https://ehrafworldcultures.yale.edu/document?id=rx02-023

Schrenck, L. von (1885). The peoples of the Amur region (F. Schütze, Trans.). In Reisen und Forschungen im Amur-Lande in den Jahren 1854–1856 (Vol. 3, pp. 1–776). Kaiserliche Akademie der Wissenschaften. https://ehrafworldcultures.yale.edu/document?id=rx02-002

Seeland, N. (1882). The Gilyaks: An ethnographic sketch (F. Schütze, Trans.). Russische Revue, 21, 97–130, 222–254. https://ehrafworldcultures.yale.edu/document?id=rx02-013"
RY02,RY02,NA,Chukchee,Asia,Pastoralists,Chukchee calendar,0a,0a,0a,0a,0a,0b,not used,not used,not used,not used,not used,not used,not used,not used,0,Absence,Present,"Orlovskii, P. N. (1928). A year in the life of an Anadyr-Chukchee reindeer raiser (L. Bromwich, Trans.). Severnaia Aziia, 2, 61–70. https://ehrafworldcultures.yale.edu/document?id=ry02-022

Sverdrup, H. U. (1938). With the people of the tundra. Gyldendal Norsk Forlag. https://ehrafworldcultures.yale.edu/cultures/ry02/documents/016"
SB05,SB05,NA,Kuna,Middle America and the Caribbean,Horticulturalists,Kuna calendar,0b,0b,0b,0b,0a,0a,not used,not used,not used,not used,not used,not used,not used,not used,0,Explicit absence,Present,"Holmer, N. M. (1951). Cuna chrestomathy (Etnologiska Studier, Vol. 18). Etnografiska Museet. https://ehrafworldcultures.yale.edu/cultures/sb05/documents/021

Marshall, D. S. (n.d.). Cuna folk: A conceptual scheme involving the dynamic factors of culture, as applied to the Cuna Indians of Darien [Unpublished manuscript]. https://ehrafworldcultures.yale.edu/cultures/sb05/documents/012

McKim, F. (1947). San Blas: An account of the Cuna Indians of Panama. The forbidden land: Reconnaissance of upper Bayano River, R.P., in 1936. Two posthumous works (H. Wassén, Ed.; Etnologiska Studier, Vol. 15). Etnografiska Museet. https://ehrafworldcultures.yale.edu/cultures/sb05/documents/005

Ventocilla, J., Herrera, H., & Núñez, V. (1995). Plants and animals in the life of the Kuna (E. Roeder, Trans.; Translations from Latin America Series). University of Texas Press. https://ehrafworldcultures.yale.edu/document?id=sb05-038

Wafer, L. (1934). A new voyage and description of the Isthmus of America (G. P. Winship, Ed.; Hakluyt Society, 2nd Series, No. 73). Hakluyt Society. (Original work published 1699) https://ehrafworldcultures.yale.edu/cultures/sb05/documents/002"
SC07,SC07,NA,Kogi,South America,Horticulturalists,Kogi calendar,1a,1a,0b,0b,0b,1a,360,not used,20,not used,not used,7,not used,not used,1,Judeo-Roman,Absent,"Reichel-Dolmatoff, G. (1950). The Kogi: A tribe of the Sierra Nevada de Santa Marta, Colombia: Vol. 1 (S. Muirden, Trans.). Revista del Instituto Etnológico Nacional, 4(1–2), 1–319. https://ehrafworldcultures.yale.edu/document?id=sc07-001

Reichel-Dolmatoff, G. (1951). The Kogi: A tribe of the Sierra Nevada de Santa Marta, Colombia: Vol. 2 (S. Muirden, Trans.). Editorial Iqueima. https://ehrafworldcultures.yale.edu/document?id=sc07-002

Reichel-Dolmatoff, G. (1990). The sacred mountain of Colombia's Kogi Indians (Iconography of Religions, Section 9: South and Central America, Fasc. 2). E. J. Brill. https://ehrafworldcultures.yale.edu/document?id=sc07-008"
SD09,SD09,NA,Jivaro,South America,Horticulturalists,Jivaro calendar,0a,0a,0a,0a,0a,0b,not used,not used,not used,not used,not used,not used,not used,not used,0,Absence,Present,"Descola, P. (1996). The spears of twilight: Life and death in the Amazon jungle (J. Lloyd, Trans.). New Press. (Original work published 1993)

Harner, M. J. (1973). The Jívaro: People of the sacred waterfalls. Anchor Press/Doubleday. https://ehrafworldcultures.yale.edu/document?id=sd09-034

Karsten, R. (1935). The head-hunters of Western Amazonas: The life and culture of the Jibaro Indians of eastern Ecuador and Peru (Commentationes Humanarum Litterarum, Vol. 7, No. 1). Centraltryckeriet. https://ehrafworldcultures.yale.edu/document?id=sd09-001"
SF21,SF21,NA,Sirionó,South America,Hunter-gatherers,Sirionó calendar,0a,0a,0a,0a,0a,0b,not used,not used,not used,not used,not used,not used,not used,not used,0,Absence,Present,"Holmberg, A. R. (1950). Nomads of the long bow: The Siriono of eastern Bolivia (Smithsonian Institution Institute of Social Anthropology Publication No. 10). U.S. Government Printing Office. https://ehrafworldcultures.yale.edu/cultures/sf21/documents/001"
SH04,SH04,NA,Ona,South America,Hunter-gatherers,Ona calendar,0a,0a,0a,0a,0a,0a,not used,not used,not used,not used,not used,not used,not used,not used,0,Explicit absence,Absent,"Gusinde, M. (1931). The Fireland Indians: Vol. 1. The Selk'nam, on the life and thought of a hunting people of the Great Island of Tierra del Fuego (F. Schütze, Trans.). Verlag der Internationalen Zeitschrift ""Anthropos"". https://ehrafworldcultures.yale.edu/cultures/sh04/documents/001"
SM04,SM04,NA,Cayua (Guaraní),South America,Other Subsistence Combinations,Guaraní calendar,0a,0a,0a,0a,0a,0a,not used,not used,not used,not used,not used,not used,not used,not used,0,Explicit absence,Present,"Ganson, B. A. (1994). Better not take my manioc: Guarani religion, society, and politics in the Jesuit missions of Paraguay [Doctoral dissertation, University of Texas at Austin]. UMI. https://ehrafworldcultures.yale.edu/document?id=sm04-008

Watson, J. B. (1952). Cayuá culture change: A study in acculturation and methodology (Memoirs of the American Anthropological Association No. 73). American Anthropological Association. https://ehrafworldcultures.yale.edu/document?id=sm04-003"
SP08,SP08,NA,Bororo,South America,Hunter-gatherers,Bororo calendar,0b,0b,0b,0b,0b,0b,not used,not used,not used,not used,not used,not used,not used,not used,0,Absence,Absent,"Fabian, S. M. (1992). Space-time of the Bororo of Brazil. University Press of Florida. https://ehrafworldcultures.yale.edu/document?id=sp08-010"
SQ19,SQ19,NA,Tukano,South America,Other Subsistence Combinations,Tukano calendar,0a,0a,0a,0a,0a,0a,not used,not used,not used,not used,not used,not used,not used,not used,0,Explicit absence,Absent,"Bruzzi Alves da Silva, A. (1962). The indigenous civilization of the Uaupés (I. Lillios, Trans.). Centro de Pesquisas de Iauareté. https://ehrafworldcultures.yale.edu/document?id=sq19-004"
SS18,SS18,NA,Warao,South America,Hunter-gatherers,Warao calendar,0a,0a,0a,0a,0a,1a,not used,not used,not used,not used,not used,7,not used,not used,1,Judeo-Roman,Present,"Heinen, H. D. (1973). Adaptive changes in a tribal economy: A case study of the Winikina-Warao [Doctoral dissertation, University of California, Los Angeles]. University Microfilms. https://ehrafworldcultures.yale.edu/document?id=ss18-009

Turrado Moreno, Á. (1945). Ethnography of the Guarauno Indians (S. Muirden, Trans.; Cuadernos Verdes No. 71). Lit. y Tip. Vargas. https://ehrafworldcultures.yale.edu/document?id=ss18-006"
X1_A,NA,MR80,Ancient Egyptians,Africa,Intensive Agriculturalists,Egyptian civil calendar,1a,1a,0a,0a,0a,0b,365,not used,30,not used,not used,not used,not used,not used,0,Absence,Absent,"Aldred, C. (1992). Egypt to the end of the Old Kingdom (Library of the Early Civilizations). Thames and Hudson. https://ehrafarchaeology.yale.edu/document?id=mr80-007

Clagett, M. (1995). Ancient Egyptian science: Vol. 2. Calendars, clocks, and astronomy. American Philosophical Society.

Depuydt, L. (1997). Civil calendar and lunar calendar in ancient Egypt. Peeters.

Egyptian calendar. (2026, February 2). In Wikipedia. https://en.wikipedia.org/wiki/Egyptian_calendar

Parker, R. A. (1974). Ancient Egyptian astronomy. Philosophical Transactions of the Royal Society of London. Series A, Mathematical and Physical Sciences, 276(1257), 51–65. https://doi.org/10.1098/rsta.1974.0009"
X11_A,NA,NA,Nepalese,Asia,Intensive Agriculturalists,Solar Nepal Sambat,1a,1a,0a,0a,0a,1a,365,not used,29,not used,not used,7,not used,not used,1,Judeo-Roman,Absent,"Nepal Sambat. (2025, August 12). In Wikipedia. https://en.wikipedia.org/wiki/Nepal_Sambat

Shrestha, B. G. (2015). To use or not to use: Nepal Samvat, the national era of Nepal. HIMALAYA: The Journal of the Association for Nepal and Himalayan Studies, 35(1), Article 14. https://digitalcommons.macalester.edu/himalaya/vol35/iss1/14"
X11_B,NA,NA,Nepalese,Asia,Intensive Agriculturalists,Lunar Nepal Sambat,1a,0a,1a,0a,1a,0b,354,not used,not used,29,15,not used,not used,not used,0,Absence,Absent,"Nepal Sambat. (2025, August 12). In Wikipedia. https://en.wikipedia.org/wiki/Nepal_Sambat

Ranjitkar, S. (n.d.). Nepal Sambat algorithm: A scientific dissection: Algorithm based on astronomy, physics and mathematics surrounding Nepal Sambat. Spiralogics.

Shrestha, B. G. (2015). To use or not to use: Nepal Samvat, the national era of Nepal. HIMALAYA: The Journal of the Association for Nepal and Himalayan Studies, 35(1), Article 14. https://digitalcommons.macalester.edu/himalaya/vol35/iss1/14"
X11_C,NA,NA,Nepalese,Asia,Intensive Agriculturalists,Nepalese Vikrami Sambat calendar,1a,0a,1a,0a,1a,1a,354,not used,not used,29,15,7,not used,not used,1,Judeo-Roman,Absent,"Nesbitt, E. (2005). Sikhism: A very short introduction. Oxford University Press.

Shrestha, B. G. (2015). To use or not to use: Nepal Samvat, the national era of Nepal. HIMALAYA: The Journal of the Association for Nepal and Himalayan Studies, 35(1), Article 14. https://digitalcommons.macalester.edu/himalaya/vol35/iss1/14

Vikram Samvat. (2026, March 25). In Wikipedia. https://en.wikipedia.org/wiki/Vikram_Samvat"
X13,NA,NA,French,Europe,Intensive Agriculturalists,French Republican calendar,1a,1a,0a,0a,0a,0a,365,not used,30,not used,not used,not used,not used,not used,0,Explicit absence,Absent,"Munro, A. (n.d.). French republican calendar. In Encyclopaedia Britannica. Retrieved August 21, 2025, from https://www.britannica.com/science/French-republican-calendar

Ozouf, M. (1989). Revolutionary calendar. In F. Furet & M. Ozouf (Eds.), A critical dictionary of the French Revolution (A. Goldhammer, Trans., pp. 538–547). Belknap Press.

Swedish calendar. (2025, August 21). In Wikipedia. https://en.wikipedia.org/wiki/Swedish_calendar"
X2,NA,NA,Western world,Europe,Commercial economy,Gregorian calendar,1a,1a,0a,0a,0a,1a,365,not used,28,not used,not used,7,not used,not used,1,Judeo-Roman,Absent,"Dershowitz, N., & Reingold, E. M. (2018). Calendrical calculations: The ultimate edition (4th ed.). Cambridge University Press."
X3,NA,NA,Muslims,Worldwide,Commercial economy,Islamic (Hijri) calendar,0a,0a,1a,1a,0b,1a,not used,354,not used,29,not used,7,not used,not used,1,Judeo-Roman,Absent,"Dershowitz, N., & Reingold, E. M. (2018). Calendrical calculations: The ultimate edition (4th ed.). Cambridge University Press.

Islamic calendar. (2026, February 2). In Wikipedia. https://en.wikipedia.org/wiki/Islamic_calendar"
X4_A,NA,NA,Hindus,Asia,Intensive Agriculturalists,Hindu (Panchanga) calendar,1a,0b,1a,0a,0b,1a,354,not used,not used,29,not used,7,not used,not used,1,Judeo-Roman,Absent,"Dershowitz, N., & Reingold, E. M. (2018). Calendrical calculations: The ultimate edition (4th ed.). Cambridge University Press.

Hindu calendar. (2026, February 2). In Wikipedia. https://en.wikipedia.org/wiki/Hindu_calendar"
X41,NA,NA,Borana,Africa,Agro-Pastoralists,Borana calendar,1a,0b,1a,0a,0a,0a,354,not used,not used,29,not used,not used,not used,not used,0,Absence,Absent,"Bassi, M. (1988). On the Borana calendrical system: A preliminary field report. Current Anthropology, 29(4), 619–624. https://doi.org/10.1086/203682

Doyle, L. R. (1986). The Borana calendar reinterpreted. Current Anthropology, 27(3), 286–287. https://doi.org/10.1086/203431

Ruggles, C. L. N. (1987). The Borana calendar: Some observations. Journal for the History of Astronomy, 18(11), S35–S53. https://doi.org/10.1177/002182868701801103

Ruggles, C. L. N. (2014). Mursi and Borana calendars. In C. L. N. Ruggles (Ed.), Handbook of archaeoastronomy and ethnoastronomy (pp. 1046–1048). Springer. https://doi.org/10.1007/978-1-4614-6141-8_100

Tablino, P. (1994). The reckoning of time by the Borana hayyantu. Rassegna di Studi Etiopici, 38, 191–205."
X5,NA,NA,Baháʼís,Worldwide,Commercial economy,Bahá'í calendar,1a,1a,0b,0b,0b,1a,365,not used,19,not used,not used,7,not used,not used,1,Judeo-Roman,Absent,"Dershowitz, N., & Reingold, E. M. (2018). Calendrical calculations: The ultimate edition (4th ed.). Cambridge University Press.

Baháʼí calendar. (2026, February 5). In Wikipedia. https://en.wikipedia.org/wiki/Bah%C3%A1%CA%BC%C3%AD_calendar"
X51,NA,NA,Guahibo,South America,Other Subsistence Combinations,Guahibo calendar,0a,0a,0a,0a,0a,0b,not used,not used,not used,not used,not used,not used,not used,not used,0,Absence,Absent,"Morey, R. V. (1971). Guahibo time-reckoning. Anthropological Quarterly, 44(1), 22–36. https://doi.org/10.2307/3316813"
X52,NA,NA,Fais islanders,Oceania,Other Subsistence Combinations,Fais islanders calendar,1a,0a,1a,0a,0b,0b,360,not used,not used,29,not used,not used,not used,not used,0,Absence,Absent,"Rubenstein, D. H. (1978). Fixing flaws in a cognitive model: A note on calendrical knowledge in the Caroline Islands. The Journal of the Polynesian Society, 87(4), 339–342."
X53,NA,NA,Galela,Oceania,Other Subsistence Combinations,Galela calendar,1a,0b,1a,0a,0a,0b,354,not used,not used,29,not used,not used,not used,not used,0,Absence,Absent,"Yoshida, S. (1980). Time reckoning. In N. Ishige (Ed.), The Galela of Halmahera: A preliminary survey (Senri Ethnological Studies No. 7, pp. 89–107). National Museum of Ethnology."
X54,NA,NA,Northern Thai,Asia,Intensive Agriculturalists,Northern Thai calendar,1a,0b,1a,0a,1a,1a,354,not used,not used,29,15,7,not used,not used,1,Judeo-Roman,Absent,"Davis, R. (1976). The northern Thai calendar and its uses. Anthropos, 71(1/2), 3–32.

Tannenbaum, N. (1984). Shan calendrics and the nature of Shan religion. Anthropos, 79(4/6), 505–515."
X6,NA,NA,Ancient Amorites,Middle East,Agro-Pastoralists,Pentecontad calendar,1a,1a,0b,0b,0b,1a,365,not used,50,not used,not used,7,not used,not used,1,Judeo-Roman,Absent,"Beckwith, R. T. (2005). Calendar, chronology and worship: Studies in ancient Judaism and early Christianity. Brill.

Morgenstern, J. (1955). The calendar of the Book of Jubilees, its origin and its character. Vetus Testamentum, 5(1), 34–76. https://doi.org/10.2307/1515767

Pentecontad calendar. (2026, February 5). In Wikipedia. https://en.wikipedia.org/wiki/Pentecontad_calendar

Zerubavel, E. (1989). The seven day circle: The history and meaning of the week. University of Chicago Press. (Original work published 1985)"
X7,NA,NA,Ancient Hasmoneans,Middle East,Intensive Agriculturalists,Qumran calendar,1a,1a,0a,0a,0a,1a,364,not used,30,not used,not used,7,not used,not used,1,Judeo-Roman,Absent,"Stern, S. (2011). Qumran calendars and sectarianism. In J. J. Collins & T. H. Lim (Eds.), The Oxford handbook of the Dead Sea Scrolls (pp. 232–253). Oxford University Press."
X8,NA,NA,Eastern Orthodox Church,Europe,Intensive Agriculturalists,Byzantine calendar,1a,1a,0a,0a,0a,1a,365,not used,28,not used,not used,7,not used,not used,1,Judeo-Roman,Absent,"Rautman, M. L. (2006). Daily life in the Byzantine Empire. Greenwood Press."